1.031263470649719238e+00,1.075608849525451660e+00,5.483000000000000000e+03
1.445439815521240234e+00,1.013489007949829102e+00,8.860000000000000000e+02
1.230268716812133789e+00,5.581935048103332520e-01,1.799000000000000000e+03
1.698243618011474609e+00,1.011332869529724121e+00,1.666000000000000000e+03
2.570395708084106445e+00,1.010527729988098145e+00,2.800000000000000000e+03
2.344331741333007812e+00,2.523118019104003906e+00,6.727000000000000000e+03
1.023293018341064453e+00,1.109409570693969727e+00,2.906000000000000000e+03
1.148153662681579590e+00,6.808341145515441895e-01,2.449000000000000000e+03
1.002782464027404785e+00,1.021567583084106445e+00,6.373000000000000000e+03
1.071519374847412109e+00,1.159844636917114258e+00,2.442000000000000000e+03
1.088244080543518066e+00,1.107972383499145508e+00,6.787000000000000000e+03
1.096478223800659180e+00,4.382465481758117676e-01,2.794000000000000000e+03
1.135010838508605957e+00,6.493296623229980469e-01,4.307000000000000000e+03
2.679607152938842773e+00,7.111785411834716797e-01,5.284000000000000000e+03
1.047128558158874512e+00,9.050517082214355469e-01,4.946000000000000000e+03
1.047128558158874512e+00,1.207480311393737793e+00,2.940000000000000000e+02
1.559723973274230957e+00,7.877900004386901855e-01,6.001000000000000000e+03
1.096478223800659180e+00,9.269247055053710938e-01,4.892000000000000000e+03
1.071519374847412109e+00,2.486034035682678223e-01,3.810000000000000000e+03
1.380384206771850586e+00,1.048636198043823242e+00,4.363000000000000000e+03
1.053296566009521484e+00,9.418072700500488281e-01,6.198000000000000000e+03
1.035142183303833008e+00,5.873191356658935547e-01,1.798000000000000000e+03
1.249807119369506836e+00,1.092822551727294922e+00,5.707000000000000000e+03
1.087023138999938965e+00,1.548951148986816406e+00,6.823000000000000000e+03
2.777253150939941406e+00,8.362879157066345215e-01,5.281000000000000000e+03
1.621810197830200195e+00,1.058548688888549805e+00,1.731000000000000000e+03
1.023293018341064453e+00,9.159592390060424805e-01,6.120000000000000000e+02
1.071519374847412109e+00,1.163899660110473633e+00,2.600000000000000000e+02
1.096478223800659180e+00,7.432250380516052246e-01,2.418000000000000000e+03
1.023293018341064453e+00,4.770209193229675293e-01,3.543000000000000000e+03
1.122018456459045410e+00,1.068171262741088867e+00,1.552000000000000000e+03
1.096478223800659180e+00,1.394355297088623047e+00,1.713000000000000000e+03
1.071519374847412109e+00,1.028802633285522461e+00,8.870000000000000000e+02
2.089700222015380859e+00,7.589581012725830078e-01,6.546000000000000000e+03
1.122018456459045410e+00,8.765903711318969727e-01,1.687000000000000000e+03
1.148153662681579590e+00,8.114343881607055664e-01,2.938000000000000000e+03
5.888437032699584961e-01,3.112857639789581299e-01,1.137000000000000000e+03
1.740455627441406250e-05,-1.240295171737670898e-02,3.226000000000000000e+03
2.241134643554687500e-05,-1.142868399620056152e-01,2.845000000000000000e+03
4.897788166999816895e-01,3.123287260532379150e-01,2.150000000000000000e+02
7.943282723426818848e-01,5.935229659080505371e-01,3.106000000000000000e+03
7.209162712097167969e-01,1.189933061599731445e+00,5.565000000000000000e+03
1.740455627441406250e-05,-3.262502551078796387e-01,3.640000000000000000e+03
1.584893465042114258e-01,4.016110301017761230e-01,3.248000000000000000e+03
2.398833036422729492e-01,2.874504923820495605e-01,3.680000000000000000e+03
1.905500888824462891e-03,1.269210457801818848e+00,2.705000000000000000e+03
4.677351415157318115e-01,2.027539610862731934e-01,3.049000000000000000e+03
5.011856555938720703e-03,5.059713125228881836e-02,4.688000000000000000e+03
2.691534757614135742e-01,1.270819306373596191e-01,1.908000000000000000e+03
7.036893963813781738e-01,4.842804074287414551e-01,5.205000000000000000e+03
2.511886358261108398e-01,5.450765490531921387e-01,3.121000000000000000e+03
9.332537651062011719e-03,2.002815604209899902e-01,2.783000000000000000e+03
3.235936760902404785e-01,3.136090338230133057e-01,3.026000000000000000e+03
1.448392868041992188e-05,1.005539298057556152e-01,1.166000000000000000e+03
5.370317697525024414e-01,1.325276494026184082e-01,6.660000000000000000e+02
9.549927711486816406e-02,2.398591041564941406e-01,1.520000000000000000e+03
6.892324686050415039e-01,8.338238596916198730e-01,5.499000000000000000e+03
2.951209545135498047e-01,7.375011444091796875e-01,2.468000000000000000e+03
4.168694019317626953e-01,2.216864228248596191e-01,2.982000000000000000e+03
9.724720120429992676e-01,1.042780637741088867e+00,5.148000000000000000e+03
7.242796421051025391e-01,8.356649279594421387e-01,5.457000000000000000e+03
7.943284511566162109e-02,3.815217018127441406e-01,2.189000000000000000e+03
7.960042953491210938e-01,9.328286647796630859e-01,6.140000000000000000e+03
9.628306627273559570e-01,1.045198082923889160e+00,6.602000000000000000e+03
2.398836612701416016e-02,4.032015502452850342e-01,3.948000000000000000e+03
2.089295983314514160e-01,2.436561584472656250e-01,1.464000000000000000e+03
1.230269074440002441e-01,7.591772079467773438e-01,1.293000000000000000e+03
1.202267408370971680e-02,4.624539613723754883e-02,5.800000000000000000e+02
1.862090826034545898e-02,6.431097388267517090e-01,4.338000000000000000e+03
9.067345857620239258e-01,9.962466359138488770e-01,5.671000000000000000e+03
9.120108485221862793e-01,9.150093197822570801e-01,4.330000000000000000e+02
8.466536402702331543e-01,7.339892983436584473e-01,5.249000000000000000e+03
6.165951490402221680e-02,2.984265685081481934e-01,1.080000000000000000e+03
1.949071884155273438e-05,-2.424460649490356445e-02,4.046000000000000000e+03
8.241404891014099121e-01,8.890416026115417480e-01,5.351000000000000000e+03
3.980994224548339844e-04,2.067825198173522949e-01,3.390000000000000000e+02
1.448392868041992188e-05,-6.499957442283630371e-01,3.176000000000000000e+03
8.106591105461120605e-01,9.803797006607055664e-01,6.137000000000000000e+03
8.531554937362670898e-01,9.652158617973327637e-01,5.270000000000000000e+03
1.949844956398010254e-01,4.376851916313171387e-01,2.962000000000000000e+03
1.122057437896728516e-03,6.305621862411499023e-01,3.734000000000000000e+03
9.772777557373046875e-04,5.047920346260070801e-01,1.032000000000000000e+03
1.448392868041992188e-05,1.002491116523742676e-01,1.072000000000000000e+03
8.804953098297119141e-01,1.012857437133789062e+00,5.162000000000000000e+03
3.467368483543395996e-01,4.632143676280975342e-01,4.784000000000000000e+03
1.740455627441406250e-05,1.067620635032653809e+00,3.447000000000000000e+03
6.312131881713867188e-05,3.004789054393768311e-01,1.265000000000000000e+03
1.740455627441406250e-05,1.196386218070983887e+00,1.067000000000000000e+03
1.513561606407165527e-01,8.239402770996093750e-01,1.941000000000000000e+03
9.332543015480041504e-01,9.878931045532226562e-01,4.020000000000000000e+03
8.797605633735656738e-01,9.671471714973449707e-01,6.351000000000000000e+03
8.912509679794311523e-01,9.351866245269775391e-01,2.805000000000000000e+03
8.249728083610534668e-01,9.599733352661132812e-01,6.353000000000000000e+03
1.011579632759094238e-01,7.119554281234741211e-02,1.250000000000000000e+02
7.079482078552246094e-03,9.346635937690734863e-01,1.162000000000000000e+03
8.709635734558105469e-01,1.012459397315979004e+00,2.156000000000000000e+03
1.318258047103881836e-02,7.797535061836242676e-01,1.157000000000000000e+03
1.445440053939819336e-01,3.516451120376586914e-01,1.457000000000000000e+03
1.348853111267089844e-04,1.401451230049133301e-01,3.656000000000000000e+03
1.740455627441406250e-05,1.220291852951049805e-02,3.583000000000000000e+03
8.317649364471435547e-03,3.449863195419311523e-01,3.011000000000000000e+03
6.606936454772949219e-03,-1.569050550460815430e-02,2.650000000000000000e+03
1.819701194763183594e-01,8.465201258659362793e-01,4.548000000000000000e+03
2.951209545135498047e-01,5.369317531585693359e-01,4.822000000000000000e+03
5.370317697525024414e-01,3.626494109630584717e-01,6.240000000000000000e+02
1.548820734024047852e-02,1.123365759849548340e-01,1.095000000000000000e+03
2.819299697875976562e-05,-6.954962015151977539e-02,7.280000000000000000e+02
1.819701194763183594e-01,5.712706446647644043e-01,4.303000000000000000e+03
8.709635734558105469e-01,6.805908679962158203e-01,2.913000000000000000e+03
3.548133969306945801e-01,8.336139917373657227e-01,3.405000000000000000e+03
4.121005535125732422e-03,5.157284140586853027e-01,1.893000000000000000e+03
3.235936164855957031e-03,1.701784729957580566e-01,1.207000000000000000e+03
8.171852231025695801e-01,1.751753330230712891e+00,5.018000000000000000e+03
3.235936164855957031e-02,1.759701371192932129e-01,4.124000000000000000e+03
9.772372245788574219e-01,1.011338829994201660e+00,4.197000000000000000e+03
7.151341438293457031e-01,6.160056591033935547e-01,5.245000000000000000e+03
1.740455627441406250e-05,1.674823164939880371e-01,1.443000000000000000e+03
2.188086509704589844e-04,2.690420746803283691e-01,9.100000000000000000e+01
1.448392868041992188e-05,-8.720755577087402344e-04,3.921000000000000000e+03
7.244359850883483887e-01,7.305386066436767578e-01,1.376000000000000000e+03
2.041738033294677734e-01,8.177306056022644043e-01,5.280000000000000000e+02
3.019988536834716797e-03,2.210654616355895996e-01,1.210000000000000000e+03
1.448392868041992188e-05,4.286879301071166992e-02,2.202000000000000000e+03
8.873471021652221680e-01,8.502517938613891602e-01,6.348000000000000000e+03
1.161448955535888672e-01,3.295712172985076904e-01,2.029000000000000000e+03
2.630268335342407227e-01,6.459493041038513184e-01,1.670000000000000000e+03
9.465485215187072754e-01,9.785079360008239746e-01,6.644000000000000000e+03
3.467381000518798828e-03,-5.323356389999389648e-02,3.481000000000000000e+03
1.000000000000000000e+00,-4.615111947059631348e-01,2.372000000000000000e+03
1.000000000000000000e+00,1.005627751350402832e+00,3.343000000000000000e+03
1.000000000000000000e+00,1.185547351837158203e+00,5.750000000000000000e+02
1.000000000000000000e+00,1.005627751350402832e+00,4.836000000000000000e+03
1.000000000000000000e+00,1.005627751350402832e+00,5.337000000000000000e+03
1.000000000000000000e+00,1.005627751350402832e+00,2.753000000000000000e+03
1.000000000000000000e+00,1.005627751350402832e+00,5.482000000000000000e+03
1.000000000000000000e+00,8.593889474868774414e-01,4.596000000000000000e+03
1.000000000000000000e+00,1.005627751350402832e+00,4.857000000000000000e+03
